stateAbbrev,Organization,benefit2
AK,Custom Analysis,Child Care Subsidy (CCDF)
AK,Custom Analysis,Child Tax Credit (CTC)
AK,Custom Analysis,Child and Dependent Care Tax Credit (CDCTC)
AK,Custom Analysis,Earned Income Tax Credit (EITC)
AK,Custom Analysis,Free or Reduced Price School Meals
AK,Custom Analysis,Head Start/Early Head Start
AK,Custom Analysis,Health Insurance Marketplace Subsidy
AK,Custom Analysis,Medicaid for Adults
AK,Custom Analysis,Medicaid for Children/CHIP
AK,Custom Analysis,Section 8 Housing Voucher
AK,Custom Analysis,Social Security
AK,Custom Analysis,Social Security Disability Insurance (SSDI)
AK,Custom Analysis,State-Funded Pre-Kindergarten
AK,Custom Analysis,Supplemental Nutrition Assistance Program (SNAP)
AK,Custom Analysis,Supplemental Security Income (SSI)
AK,Custom Analysis,Temporary Assistance for Needy Families (TANF)
AK,Custom Analysis,Unemployment Insurance
AK,Custom Analysis,"Women, Infants and Children Nutrition Program (WIC)"
AL,Custom Analysis,Child Care Subsidy (CCDF)
AL,Custom Analysis,Child Tax Credit (CTC)
AL,Custom Analysis,Child and Dependent Care Tax Credit (CDCTC)
AL,Custom Analysis,Earned Income Tax Credit (EITC)
AL,Custom Analysis,Free or Reduced Price School Meals
AL,Custom Analysis,Head Start/Early Head Start
AL,Custom Analysis,Health Insurance Marketplace Subsidy
AL,Custom Analysis,Medicaid for Adults
AL,Custom Analysis,Medicaid for Children/CHIP
AL,Custom Analysis,Section 8 Housing Voucher
AL,Custom Analysis,Social Security
AL,Custom Analysis,Social Security Disability Insurance (SSDI)
AL,Custom Analysis,State-Funded Pre-Kindergarten
AL,Custom Analysis,Supplemental Nutrition Assistance Program (SNAP)
AL,Custom Analysis,Supplemental Security Income (SSI)
AL,Custom Analysis,Temporary Assistance for Needy Families (TANF)
AL,Custom Analysis,Unemployment Insurance
AL,Custom Analysis,"Women, Infants and Children Nutrition Program (WIC)"
AR,Custom Analysis,Child Care Subsidy (CCDF)
AR,Custom Analysis,Child Tax Credit (CTC)
AR,Custom Analysis,Child and Dependent Care Tax Credit (CDCTC)
AR,Custom Analysis,Earned Income Tax Credit (EITC)
AR,Custom Analysis,Free or Reduced Price School Meals
AR,Custom Analysis,Head Start/Early Head Start
AR,Custom Analysis,Health Insurance Marketplace Subsidy
AR,Custom Analysis,Medicaid for Adults
AR,Custom Analysis,Medicaid for Children/CHIP
AR,Custom Analysis,Section 8 Housing Voucher
AR,Custom Analysis,Social Security
AR,Custom Analysis,Social Security Disability Insurance (SSDI)
AR,Custom Analysis,State-Funded Pre-Kindergarten
AR,Custom Analysis,Supplemental Nutrition Assistance Program (SNAP)
AR,Custom Analysis,Supplemental Security Income (SSI)
AR,Custom Analysis,Temporary Assistance for Needy Families (TANF)
AR,Custom Analysis,Unemployment Insurance
AR,Custom Analysis,"Women, Infants and Children Nutrition Program (WIC)"
AZ,Custom Analysis,Child Care Subsidy (CCDF)
AZ,Custom Analysis,Child Tax Credit (CTC)
AZ,Custom Analysis,Child and Dependent Care Tax Credit (CDCTC)
AZ,Custom Analysis,Earned Income Tax Credit (EITC)
AZ,Custom Analysis,Free or Reduced Price School Meals
AZ,Custom Analysis,Head Start/Early Head Start
AZ,Custom Analysis,Health Insurance Marketplace Subsidy
AZ,Custom Analysis,Medicaid for Adults
AZ,Custom Analysis,Medicaid for Children/CHIP
AZ,Custom Analysis,Section 8 Housing Voucher
AZ,Custom Analysis,Social Security
AZ,Custom Analysis,Social Security Disability Insurance (SSDI)
AZ,Custom Analysis,State-Funded Pre-Kindergarten
AZ,Custom Analysis,Supplemental Nutrition Assistance Program (SNAP)
AZ,Custom Analysis,Supplemental Security Income (SSI)
AZ,Custom Analysis,Temporary Assistance for Needy Families (TANF)
AZ,Custom Analysis,Unemployment Insurance
AZ,Custom Analysis,"Women, Infants and Children Nutrition Program (WIC)"
CA,Custom Analysis,CalFresh
CA,Custom Analysis,CalWorks (TANF)
CA,Custom Analysis,Child Care Subsidy (CCDF)
CA,Custom Analysis,Child Tax Credit (CTC)
CA,Custom Analysis,Child and Dependent Care Tax Credit (CDCTC)
CA,Custom Analysis,Earned Income Tax Credit (EITC)
CA,Custom Analysis,Free or Reduced Price School Meals
CA,Custom Analysis,Head Start/Early Head Start
CA,Custom Analysis,Health Insurance Marketplace Subsidy
CA,Custom Analysis,Medi-Cal for Adults
CA,Custom Analysis,Medi-Cal for Children
CA,Custom Analysis,Section 8 Housing Voucher
CA,Custom Analysis,Social Security
CA,Custom Analysis,Social Security Disability Insurance (SSDI)
CA,Custom Analysis,State-Funded Pre-Kindergarten
CA,Custom Analysis,Supplemental Security Income (SSI)
CA,Custom Analysis,Unemployment Insurance
CA,Custom Analysis,"Women, Infants and Children Nutrition Program (WIC)"
CO,Custom Analysis,Child Care Subsidy (CCDF)
CO,Custom Analysis,Child Tax Credit (CTC)
CO,Custom Analysis,Child and Dependent Care Tax Credit (CDCTC)
CO,Custom Analysis,Earned Income Tax Credit (EITC)
CO,Custom Analysis,Free or Reduced Price School Meals
CO,Custom Analysis,Head Start/Early Head Start
CO,Custom Analysis,Health Insurance Marketplace Subsidy
CO,Custom Analysis,Medicaid for Adults
CO,Custom Analysis,Medicaid for Children/CHIP
CO,Custom Analysis,Section 8 Housing Voucher
CO,Custom Analysis,Social Security
CO,Custom Analysis,Social Security Disability Insurance (SSDI)
CO,Custom Analysis,State-Funded Pre-Kindergarten
CO,Custom Analysis,Supplemental Nutrition Assistance Program (SNAP)
CO,Custom Analysis,Supplemental Security Income (SSI)
CO,Custom Analysis,Temporary Assistance for Needy Families (TANF)
CO,Custom Analysis,Unemployment Insurance
CO,Custom Analysis,"Women, Infants and Children Nutrition Program (WIC)"
CT,Custom Analysis,Child Care Subsidy (CCDF)
CT,Custom Analysis,Child Tax Credit (CTC)
CT,Custom Analysis,Child and Dependent Care Tax Credit (CDCTC)
CT,Custom Analysis,Earned Income Tax Credit (EITC)
CT,Custom Analysis,Free or Reduced Price School Meals
CT,Custom Analysis,Head Start/Early Head Start
CT,Custom Analysis,Health Insurance Marketplace Subsidy
CT,Custom Analysis,Medicaid for Adults
CT,Custom Analysis,Medicaid for Children/CHIP
CT,Custom Analysis,Section 8 Housing Voucher
CT,Custom Analysis,Social Security
CT,Custom Analysis,Social Security Disability Insurance (SSDI)
CT,Custom Analysis,State-Funded Pre-Kindergarten
CT,Custom Analysis,Supplemental Nutrition Assistance Program (SNAP)
CT,Custom Analysis,Supplemental Security Income (SSI)
CT,Custom Analysis,Temporary Assistance for Needy Families (TANF)
CT,Custom Analysis,Unemployment Insurance
CT,Custom Analysis,"Women, Infants and Children Nutrition Program (WIC)"
DC,Custom Analysis,Child Care Subsidy (CCDF)
DC,Custom Analysis,Child Tax Credit (CTC)
DC,Custom Analysis,Child and Dependent Care Tax Credit (CDCTC)
DC,Custom Analysis,Earned Income Tax Credit (EITC)
DC,Custom Analysis,Free or Reduced Price School Meals
DC,Custom Analysis,Head Start/Early Head Start
DC,Custom Analysis,Health Insurance Marketplace Subsidy
DC,Custom Analysis,Medicaid for Adults
DC,Custom Analysis,Medicaid for Children/CHIP
DC,Custom Analysis,Section 8 Housing Voucher
DC,Custom Analysis,Social Security
DC,Custom Analysis,Social Security Disability Insurance (SSDI)
DC,Custom Analysis,State-Funded Pre-Kindergarten
DC,Custom Analysis,Supplemental Nutrition Assistance Program (SNAP)
DC,Custom Analysis,Supplemental Security Income (SSI)
DC,Custom Analysis,Temporary Assistance for Needy Families (TANF)
DC,Custom Analysis,Unemployment Insurance
DC,Custom Analysis,"Women, Infants and Children Nutrition Program (WIC)"
DE,Custom Analysis,Child Care Subsidy (CCDF)
DE,Custom Analysis,Child Tax Credit (CTC)
DE,Custom Analysis,Child and Dependent Care Tax Credit (CDCTC)
DE,Custom Analysis,Earned Income Tax Credit (EITC)
DE,Custom Analysis,Free or Reduced Price School Meals
DE,Custom Analysis,Head Start/Early Head Start
DE,Custom Analysis,Health Insurance Marketplace Subsidy
DE,Custom Analysis,Medicaid for Adults
DE,Custom Analysis,Medicaid for Children/CHIP
DE,Custom Analysis,Section 8 Housing Voucher
DE,Custom Analysis,Social Security
DE,Custom Analysis,Social Security Disability Insurance (SSDI)
DE,Custom Analysis,State-Funded Pre-Kindergarten
DE,Custom Analysis,Supplemental Nutrition Assistance Program (SNAP)
DE,Custom Analysis,Supplemental Security Income (SSI)
DE,Custom Analysis,Temporary Assistance for Needy Families (TANF)
DE,Custom Analysis,Unemployment Insurance
DE,Custom Analysis,"Women, Infants and Children Nutrition Program (WIC)"
FL,Custom Analysis,Child Care Subsidy (CCDF)
FL,Custom Analysis,Child Tax Credit (CTC)
FL,Custom Analysis,Child and Dependent Care Tax Credit (CDCTC)
FL,Custom Analysis,Earned Income Tax Credit (EITC)
FL,Custom Analysis,Free or Reduced Price School Meals
FL,Custom Analysis,Head Start/Early Head Start
FL,Custom Analysis,Health Insurance Marketplace Subsidy
FL,Custom Analysis,Medicaid for Adults
FL,Custom Analysis,Medicaid for Children/CHIP
FL,Custom Analysis,Section 8 Housing Voucher
FL,Custom Analysis,Social Security
FL,Custom Analysis,Social Security Disability Insurance (SSDI)
FL,Custom Analysis,State-Funded Pre-Kindergarten
FL,Custom Analysis,Supplemental Nutrition Assistance Program (SNAP)
FL,Custom Analysis,Supplemental Security Income (SSI)
FL,Custom Analysis,Temporary Assistance for Needy Families (TANF)
FL,Custom Analysis,Unemployment Insurance
FL,Custom Analysis,"Women, Infants and Children Nutrition Program (WIC)"
GA,Custom Analysis,Child Tax Credit (CTC)
GA,Custom Analysis,Child and Dependent Care Tax Credit (CDCTC)
GA,Custom Analysis,Childcare and Parent Services (CAPS)
GA,Custom Analysis,Earned Income Tax Credit (EITC)
GA,Custom Analysis,Free or Reduced Price School Meals
GA,Custom Analysis,Head Start/Early Head Start
GA,Custom Analysis,Health Insurance Marketplace Subsidy
GA,Custom Analysis,Medicaid for Adults
GA,Custom Analysis,PeachCare/Medicaid for Kids
GA,Custom Analysis,Section 8 Housing Voucher
GA,Custom Analysis,Social Security
GA,Custom Analysis,Social Security Disability Insurance (SSDI)
GA,Custom Analysis,State-Funded Pre-Kindergarten
GA,Custom Analysis,Supplemental Nutrition Assistance Program (SNAP)
GA,Custom Analysis,Supplemental Security Income (SSI)
GA,Custom Analysis,Temporary Assistance for Needy Families (TANF)
GA,Custom Analysis,Unemployment Insurance
GA,Custom Analysis,"Women, Infants and Children Nutrition Program (WIC)"
HI,Custom Analysis,Child Care Subsidy (CCDF)
HI,Custom Analysis,Child Tax Credit (CTC)
HI,Custom Analysis,Child and Dependent Care Tax Credit (CDCTC)
HI,Custom Analysis,Earned Income Tax Credit (EITC)
HI,Custom Analysis,Free or Reduced Price School Meals
HI,Custom Analysis,Head Start/Early Head Start
HI,Custom Analysis,Health Insurance Marketplace Subsidy
HI,Custom Analysis,Medicaid for Adults
HI,Custom Analysis,Medicaid for Children/CHIP
HI,Custom Analysis,Section 8 Housing Voucher
HI,Custom Analysis,Social Security
HI,Custom Analysis,Social Security Disability Insurance (SSDI)
HI,Custom Analysis,State-Funded Pre-Kindergarten
HI,Custom Analysis,Supplemental Nutrition Assistance Program (SNAP)
HI,Custom Analysis,Supplemental Security Income (SSI)
HI,Custom Analysis,Temporary Assistance for Needy Families (TANF)
HI,Custom Analysis,Unemployment Insurance
HI,Custom Analysis,"Women, Infants and Children Nutrition Program (WIC)"
IA,Custom Analysis,Child Care Subsidy (CCDF)
IA,Custom Analysis,Child Tax Credit (CTC)
IA,Custom Analysis,Child and Dependent Care Tax Credit (CDCTC)
IA,Custom Analysis,Earned Income Tax Credit (EITC)
IA,Custom Analysis,Free or Reduced Price School Meals
IA,Custom Analysis,Head Start/Early Head Start
IA,Custom Analysis,Health Insurance Marketplace Subsidy
IA,Custom Analysis,Medicaid for Adults
IA,Custom Analysis,Medicaid for Children/CHIP
IA,Custom Analysis,Section 8 Housing Voucher
IA,Custom Analysis,Social Security
IA,Custom Analysis,Social Security Disability Insurance (SSDI)
IA,Custom Analysis,State-Funded Pre-Kindergarten
IA,Custom Analysis,Supplemental Nutrition Assistance Program (SNAP)
IA,Custom Analysis,Supplemental Security Income (SSI)
IA,Custom Analysis,Temporary Assistance for Needy Families (TANF)
IA,Custom Analysis,Unemployment Insurance
IA,Custom Analysis,"Women, Infants and Children Nutrition Program (WIC)"
ID,Custom Analysis,Child Care Subsidy (CCDF)
ID,Custom Analysis,Child Tax Credit (CTC)
ID,Custom Analysis,Child and Dependent Care Tax Credit (CDCTC)
ID,Custom Analysis,Earned Income Tax Credit (EITC)
ID,Custom Analysis,Free or Reduced Price School Meals
ID,Custom Analysis,Head Start/Early Head Start
ID,Custom Analysis,Health Insurance Marketplace Subsidy
ID,Custom Analysis,Medicaid for Adults
ID,Custom Analysis,Medicaid for Children/CHIP
ID,Custom Analysis,Section 8 Housing Voucher
ID,Custom Analysis,Social Security
ID,Custom Analysis,Social Security Disability Insurance (SSDI)
ID,Custom Analysis,State-Funded Pre-Kindergarten
ID,Custom Analysis,Supplemental Nutrition Assistance Program (SNAP)
ID,Custom Analysis,Supplemental Security Income (SSI)
ID,Custom Analysis,Temporary Assistance for Needy Families (TANF)
ID,Custom Analysis,Unemployment Insurance
ID,Custom Analysis,"Women, Infants and Children Nutrition Program (WIC)"
IL,Custom Analysis,AllKids (Medicaid for Children/CHIP)
IL,Custom Analysis,Child Care Assistance Program (CCAP/CCDF)
IL,Custom Analysis,Child Tax Credit (CTC)
IL,Custom Analysis,Child and Dependent Care Tax Credit (CDCTC)
IL,Custom Analysis,Earned Income Tax Credit (EITC)
IL,Custom Analysis,Free or Reduced Price School Meals
IL,Custom Analysis,Head Start/Early Head Start
IL,Custom Analysis,Health Insurance Marketplace Subsidy
IL,Custom Analysis,Medicaid for Adults
IL,Custom Analysis,Section 8 Housing Voucher
IL,Custom Analysis,Social Security
IL,Custom Analysis,Social Security Disability Insurance (SSDI)
IL,Custom Analysis,State-Funded Pre-Kindergarten
IL,Custom Analysis,Supplemental Nutrition Assistance Program (SNAP)
IL,Custom Analysis,Supplemental Security Income (SSI)
IL,Custom Analysis,Temporary Assistance for Needy Families (TANF)
IL,Custom Analysis,Unemployment Insurance
IL,Custom Analysis,"Women, Infants and Children Nutrition Program (WIC)"
IN,Custom Analysis,Child Care Subsidy (CCDF)
IN,Custom Analysis,Child Tax Credit (CTC)
IN,Custom Analysis,Child and Dependent Care Tax Credit (CDCTC)
IN,Custom Analysis,Earned Income Tax Credit (EITC)
IN,Custom Analysis,Free or Reduced Price School Meals
IN,Custom Analysis,Head Start/Early Head Start
IN,Custom Analysis,Health Insurance Marketplace Subsidy
IN,Custom Analysis,Medicaid for Adults
IN,Custom Analysis,Medicaid for Children/CHIP
IN,Custom Analysis,Section 8 Housing Voucher
IN,Custom Analysis,Social Security
IN,Custom Analysis,Social Security Disability Insurance (SSDI)
IN,Custom Analysis,State-Funded Pre-Kindergarten
IN,Custom Analysis,Supplemental Nutrition Assistance Program (SNAP)
IN,Custom Analysis,Supplemental Security Income (SSI)
IN,Custom Analysis,Temporary Assistance for Needy Families (TANF)
IN,Custom Analysis,Unemployment Insurance
IN,Custom Analysis,"Women, Infants and Children Nutrition Program (WIC)"
KS,Custom Analysis,Child Care Subsidy (CCDF)
KS,Custom Analysis,Child Tax Credit (CTC)
KS,Custom Analysis,Child and Dependent Care Tax Credit (CDCTC)
KS,Custom Analysis,Earned Income Tax Credit (EITC)
KS,Custom Analysis,Free or Reduced Price School Meals
KS,Custom Analysis,Head Start/Early Head Start
KS,Custom Analysis,Health Insurance Marketplace Subsidy
KS,Custom Analysis,Medicaid for Adults
KS,Custom Analysis,Medicaid for Children/CHIP
KS,Custom Analysis,Section 8 Housing Voucher
KS,Custom Analysis,Social Security
KS,Custom Analysis,Social Security Disability Insurance (SSDI)
KS,Custom Analysis,State-Funded Pre-Kindergarten
KS,Custom Analysis,Supplemental Nutrition Assistance Program (SNAP)
KS,Custom Analysis,Supplemental Security Income (SSI)
KS,Custom Analysis,Temporary Assistance for Needy Families (TANF)
KS,Custom Analysis,Unemployment Insurance
KS,Custom Analysis,"Women, Infants and Children Nutrition Program (WIC)"
KY,Custom Analysis,Child Care Subsidy (CCDF)
KY,Custom Analysis,Child Tax Credit (CTC)
KY,Custom Analysis,Child and Dependent Care Tax Credit (CDCTC)
KY,Custom Analysis,Earned Income Tax Credit (EITC)
KY,Custom Analysis,Free or Reduced Price School Meals
KY,Custom Analysis,Head Start/Early Head Start
KY,Custom Analysis,Health Insurance Marketplace Subsidy
KY,Custom Analysis,Kentucky Transitional Assistance Program (K-TAP)
KY,Custom Analysis,Medicaid for Adults
KY,Custom Analysis,Medicaid for Children/CHIP
KY,Custom Analysis,Section 8 Housing Voucher
KY,Custom Analysis,Social Security
KY,Custom Analysis,Social Security Disability Insurance (SSDI)
KY,Custom Analysis,State-Funded Pre-Kindergarten
KY,Custom Analysis,Supplemental Nutrition Assistance Program (SNAP)
KY,Custom Analysis,Supplemental Security Income (SSI)
KY,Custom Analysis,Unemployment Insurance
KY,Custom Analysis,"Women, Infants and Children Nutrition Program (WIC)"
LA,Custom Analysis,Child Care Subsidy (CCDF)
LA,Custom Analysis,Child Tax Credit (CTC)
LA,Custom Analysis,Child and Dependent Care Tax Credit (CDCTC)
LA,Custom Analysis,Earned Income Tax Credit (EITC)
LA,Custom Analysis,Free or Reduced Price School Meals
LA,Custom Analysis,Head Start/Early Head Start
LA,Custom Analysis,Health Insurance Marketplace Subsidy
LA,Custom Analysis,Medicaid for Adults
LA,Custom Analysis,Medicaid for Children/CHIP
LA,Custom Analysis,Section 8 Housing Voucher
LA,Custom Analysis,Social Security
LA,Custom Analysis,Social Security Disability Insurance (SSDI)
LA,Custom Analysis,State-Funded Pre-Kindergarten
LA,Custom Analysis,Supplemental Nutrition Assistance Program (SNAP)
LA,Custom Analysis,Supplemental Security Income (SSI)
LA,Custom Analysis,Temporary Assistance for Needy Families (TANF)
LA,Custom Analysis,Unemployment Insurance
LA,Custom Analysis,"Women, Infants and Children Nutrition Program (WIC)"
MA,Custom Analysis,Child Care Subsidy (CCDF)
MA,Custom Analysis,Child Tax Credit (CTC)
MA,Custom Analysis,Child and Dependent Care Tax Credit (CDCTC)
MA,Custom Analysis,Earned Income Tax Credit (EITC)
MA,Custom Analysis,Free or Reduced Price School Meals
MA,Custom Analysis,Head Start/Early Head Start
MA,Custom Analysis,Health Insurance Marketplace Subsidy
MA,Custom Analysis,Medicaid for Adults
MA,Custom Analysis,Medicaid for Children/CHIP
MA,Custom Analysis,Section 8 Housing Voucher
MA,Custom Analysis,Social Security
MA,Custom Analysis,Social Security Disability Insurance (SSDI)
MA,Custom Analysis,State-Funded Pre-Kindergarten
MA,Custom Analysis,Supplemental Nutrition Assistance Program (SNAP)
MA,Custom Analysis,Supplemental Security Income (SSI)
MA,Custom Analysis,Temporary Assistance for Needy Families (TANF)
MA,Custom Analysis,Unemployment Insurance
MA,Custom Analysis,"Women, Infants and Children Nutrition Program (WIC)"
MD,Custom Analysis,Adult Medical Assistance (Medicaid)
MD,Custom Analysis,Child Care Scholarship (CCS)
MD,Custom Analysis,Child Tax Credit (CTC)
MD,Custom Analysis,Child and Dependent Care Tax Credit (CDCTC)
MD,Custom Analysis,Earned Income Tax Credit (EITC)
MD,Custom Analysis,Free or Reduced Price School Meals
MD,Custom Analysis,Head Start/Early Head Start
MD,Custom Analysis,Health Insurance Marketplace Subsidy
MD,Custom Analysis,Maryland Children's Health Program (Medicaid for Children/CHIP)
MD,Custom Analysis,Section 8 Housing Voucher
MD,Custom Analysis,Social Security
MD,Custom Analysis,Social Security Disability Insurance (SSDI)
MD,Custom Analysis,State-Funded Pre-Kindergarten
MD,Custom Analysis,Supplemental Nutrition Assistance Program (SNAP)
MD,Custom Analysis,Supplemental Security Income (SSI)
MD,Custom Analysis,Temporary Cash Assistance (TANF)
MD,Custom Analysis,Unemployment Insurance
MD,Custom Analysis,"Women, Infants and Children Nutrition Program (WIC)"
ME,Custom Analysis,Child Care Subsidy (CCDF)
ME,Custom Analysis,Child Tax Credit (CTC)
ME,Custom Analysis,Child and Dependent Care Tax Credit (CDCTC)
ME,Custom Analysis,Earned Income Tax Credit (EITC)
ME,Custom Analysis,Free or Reduced Price School Meals
ME,Custom Analysis,Head Start/Early Head Start
ME,Custom Analysis,Health Insurance Marketplace Subsidy
ME,Custom Analysis,Medicaid for Adults
ME,Custom Analysis,Medicaid for Children/CHIP
ME,Custom Analysis,Section 8 Housing Voucher
ME,Custom Analysis,Social Security
ME,Custom Analysis,Social Security Disability Insurance (SSDI)
ME,Custom Analysis,State-Funded Pre-Kindergarten
ME,Custom Analysis,Supplemental Nutrition Assistance Program (SNAP)
ME,Custom Analysis,Supplemental Security Income (SSI)
ME,Custom Analysis,Temporary Assistance for Needy Families (TANF)
ME,Custom Analysis,Unemployment Insurance
ME,Custom Analysis,"Women, Infants and Children Nutrition Program (WIC)"
MI,Custom Analysis,Child Care Subsidy (CCDF)
MI,Custom Analysis,Child Tax Credit (CTC)
MI,Custom Analysis,Child and Dependent Care Tax Credit (CDCTC)
MI,Custom Analysis,Earned Income Tax Credit (EITC)
MI,Custom Analysis,Free or Reduced Price School Meals
MI,Custom Analysis,Head Start/Early Head Start
MI,Custom Analysis,Health Insurance Marketplace Subsidy
MI,Custom Analysis,Medicaid for Adults
MI,Custom Analysis,Medicaid for Children/CHIP
MI,Custom Analysis,Section 8 Housing Voucher
MI,Custom Analysis,Social Security
MI,Custom Analysis,Social Security Disability Insurance (SSDI)
MI,Custom Analysis,State-Funded Pre-Kindergarten
MI,Custom Analysis,Supplemental Nutrition Assistance Program (SNAP)
MI,Custom Analysis,Supplemental Security Income (SSI)
MI,Custom Analysis,Temporary Assistance for Needy Families (TANF)
MI,Custom Analysis,Unemployment Insurance
MI,Custom Analysis,"Women, Infants and Children Nutrition Program (WIC)"
MN,Custom Analysis,Child Care Subsidy (CCDF)
MN,Custom Analysis,Child Tax Credit (CTC)
MN,Custom Analysis,Child and Dependent Care Tax Credit (CDCTC)
MN,Custom Analysis,Earned Income Tax Credit (EITC)
MN,Custom Analysis,Free or Reduced Price School Meals
MN,Custom Analysis,Head Start/Early Head Start
MN,Custom Analysis,Health Insurance Marketplace Subsidy
MN,Custom Analysis,Medicaid for Adults
MN,Custom Analysis,Medicaid for Children/CHIP
MN,Custom Analysis,Section 8 Housing Voucher
MN,Custom Analysis,Social Security
MN,Custom Analysis,Social Security Disability Insurance (SSDI)
MN,Custom Analysis,State-Funded Pre-Kindergarten
MN,Custom Analysis,Supplemental Nutrition Assistance Program (SNAP)
MN,Custom Analysis,Supplemental Security Income (SSI)
MN,Custom Analysis,Temporary Assistance for Needy Families (TANF)
MN,Custom Analysis,Unemployment Insurance
MN,Custom Analysis,"Women, Infants and Children Nutrition Program (WIC)"
MO,Custom Analysis,Child Care Subsidy (CCDF)
MO,Custom Analysis,Child Tax Credit (CTC)
MO,Custom Analysis,Child and Dependent Care Tax Credit (CDCTC)
MO,Custom Analysis,Earned Income Tax Credit (EITC)
MO,Custom Analysis,Free or Reduced Price School Meals
MO,Custom Analysis,Head Start/Early Head Start
MO,Custom Analysis,Health Insurance Marketplace Subsidy
MO,Custom Analysis,Medicaid for Adults
MO,Custom Analysis,Medicaid for Children/CHIP
MO,Custom Analysis,Section 8 Housing Voucher
MO,Custom Analysis,Social Security
MO,Custom Analysis,Social Security Disability Insurance (SSDI)
MO,Custom Analysis,State-Funded Pre-Kindergarten
MO,Custom Analysis,Supplemental Nutrition Assistance Program (SNAP)
MO,Custom Analysis,Supplemental Security Income (SSI)
MO,Custom Analysis,Temporary Assistance for Needy Families (TANF)
MO,Custom Analysis,Unemployment Insurance
MO,Custom Analysis,"Women, Infants and Children Nutrition Program (WIC)"
MS,Custom Analysis,Child Care Subsidy (CCDF)
MS,Custom Analysis,Child Tax Credit (CTC)
MS,Custom Analysis,Child and Dependent Care Tax Credit (CDCTC)
MS,Custom Analysis,Earned Income Tax Credit (EITC)
MS,Custom Analysis,Free or Reduced Price School Meals
MS,Custom Analysis,Head Start/Early Head Start
MS,Custom Analysis,Health Insurance Marketplace Subsidy
MS,Custom Analysis,Medicaid for Adults
MS,Custom Analysis,Medicaid for Children/CHIP
MS,Custom Analysis,Section 8 Housing Voucher
MS,Custom Analysis,Social Security
MS,Custom Analysis,Social Security Disability Insurance (SSDI)
MS,Custom Analysis,State-Funded Pre-Kindergarten
MS,Custom Analysis,Supplemental Nutrition Assistance Program (SNAP)
MS,Custom Analysis,Supplemental Security Income (SSI)
MS,Custom Analysis,Temporary Assistance for Needy Families (TANF)
MS,Custom Analysis,Unemployment Insurance
MS,Custom Analysis,"Women, Infants and Children Nutrition Program (WIC)"
MT,Custom Analysis,Child Care Subsidy (CCDF)
MT,Custom Analysis,Child Tax Credit (CTC)
MT,Custom Analysis,Child and Dependent Care Tax Credit (CDCTC)
MT,Custom Analysis,Earned Income Tax Credit (EITC)
MT,Custom Analysis,Free or Reduced Price School Meals
MT,Custom Analysis,Head Start/Early Head Start
MT,Custom Analysis,Health Insurance Marketplace Subsidy
MT,Custom Analysis,Medicaid for Adults
MT,Custom Analysis,Medicaid for Children/CHIP
MT,Custom Analysis,Section 8 Housing Voucher
MT,Custom Analysis,Social Security
MT,Custom Analysis,Social Security Disability Insurance (SSDI)
MT,Custom Analysis,State-Funded Pre-Kindergarten
MT,Custom Analysis,Supplemental Nutrition Assistance Program (SNAP)
MT,Custom Analysis,Supplemental Security Income (SSI)
MT,Custom Analysis,Temporary Assistance for Needy Families (TANF)
MT,Custom Analysis,Unemployment Insurance
MT,Custom Analysis,"Women, Infants and Children Nutrition Program (WIC)"
NC,Custom Analysis,Child Care Subsidy (CCDF)
NC,Custom Analysis,Child Tax Credit (CTC)
NC,Custom Analysis,Child and Dependent Care Tax Credit (CDCTC)
NC,Custom Analysis,Earned Income Tax Credit (EITC)
NC,Custom Analysis,Free or Reduced Price School Meals
NC,Custom Analysis,Head Start/Early Head Start
NC,Custom Analysis,Health Insurance Marketplace Subsidy
NC,Custom Analysis,Medicaid for Adults
NC,Custom Analysis,Medicaid for Children/CHIP
NC,Custom Analysis,Section 8 Housing Voucher
NC,Custom Analysis,Social Security
NC,Custom Analysis,Social Security Disability Insurance (SSDI)
NC,Custom Analysis,State-Funded Pre-Kindergarten
NC,Custom Analysis,Supplemental Nutrition Assistance Program (SNAP)
NC,Custom Analysis,Supplemental Security Income (SSI)
NC,Custom Analysis,Temporary Assistance for Needy Families (TANF)
NC,Custom Analysis,Unemployment Insurance
NC,Custom Analysis,"Women, Infants and Children Nutrition Program (WIC)"
ND,Custom Analysis,Child Care Subsidy (CCDF)
ND,Custom Analysis,Child Tax Credit (CTC)
ND,Custom Analysis,Child and Dependent Care Tax Credit (CDCTC)
ND,Custom Analysis,Earned Income Tax Credit (EITC)
ND,Custom Analysis,Free or Reduced Price School Meals
ND,Custom Analysis,Head Start/Early Head Start
ND,Custom Analysis,Health Insurance Marketplace Subsidy
ND,Custom Analysis,Medicaid for Adults
ND,Custom Analysis,Medicaid for Children/CHIP
ND,Custom Analysis,Section 8 Housing Voucher
ND,Custom Analysis,Social Security
ND,Custom Analysis,Social Security Disability Insurance (SSDI)
ND,Custom Analysis,State-Funded Pre-Kindergarten
ND,Custom Analysis,Supplemental Nutrition Assistance Program (SNAP)
ND,Custom Analysis,Supplemental Security Income (SSI)
ND,Custom Analysis,Temporary Assistance for Needy Families (TANF)
ND,Custom Analysis,Unemployment Insurance
ND,Custom Analysis,"Women, Infants and Children Nutrition Program (WIC)"
NE,Custom Analysis,Child Care Subsidy (CCDF)
NE,Custom Analysis,Child Tax Credit (CTC)
NE,Custom Analysis,Child and Dependent Care Tax Credit (CDCTC)
NE,Custom Analysis,Earned Income Tax Credit (EITC)
NE,Custom Analysis,Free or Reduced Price School Meals
NE,Custom Analysis,Head Start/Early Head Start
NE,Custom Analysis,Health Insurance Marketplace Subsidy
NE,Custom Analysis,Medicaid for Adults
NE,Custom Analysis,Medicaid for Children/CHIP
NE,Custom Analysis,Section 8 Housing Voucher
NE,Custom Analysis,Social Security
NE,Custom Analysis,Social Security Disability Insurance (SSDI)
NE,Custom Analysis,State-Funded Pre-Kindergarten
NE,Custom Analysis,Supplemental Nutrition Assistance Program (SNAP)
NE,Custom Analysis,Supplemental Security Income (SSI)
NE,Custom Analysis,Temporary Assistance for Needy Families (TANF)
NE,Custom Analysis,Unemployment Insurance
NE,Custom Analysis,"Women, Infants and Children Nutrition Program (WIC)"
NH,Custom Analysis,Child Care Subsidy (CCDF)
NH,Custom Analysis,Child Tax Credit (CTC)
NH,Custom Analysis,Child and Dependent Care Tax Credit (CDCTC)
NH,Custom Analysis,Earned Income Tax Credit (EITC)
NH,Custom Analysis,Free or Reduced Price School Meals
NH,Custom Analysis,Head Start/Early Head Start
NH,Custom Analysis,Health Insurance Marketplace Subsidy
NH,Custom Analysis,Medicaid for Adults
NH,Custom Analysis,Medicaid for Children/CHIP
NH,Custom Analysis,Section 8 Housing Voucher
NH,Custom Analysis,Social Security
NH,Custom Analysis,Social Security Disability Insurance (SSDI)
NH,Custom Analysis,State-Funded Pre-Kindergarten
NH,Custom Analysis,Supplemental Nutrition Assistance Program (SNAP)
NH,Custom Analysis,Supplemental Security Income (SSI)
NH,Custom Analysis,Temporary Assistance for Needy Families (TANF)
NH,Custom Analysis,Unemployment Insurance
NH,Custom Analysis,"Women, Infants and Children Nutrition Program (WIC)"
NJ,Custom Analysis,Child Care Subsidy (CCDF)
NJ,Custom Analysis,Child Tax Credit (CTC)
NJ,Custom Analysis,Child and Dependent Care Tax Credit (CDCTC)
NJ,Custom Analysis,Earned Income Tax Credit (EITC)
NJ,Custom Analysis,Free or Reduced Price School Meals
NJ,Custom Analysis,Head Start/Early Head Start
NJ,Custom Analysis,Health Insurance Marketplace Subsidy
NJ,Custom Analysis,Medicaid for Adults
NJ,Custom Analysis,Medicaid for Children/CHIP
NJ,Custom Analysis,Section 8 Housing Voucher
NJ,Custom Analysis,Social Security
NJ,Custom Analysis,Social Security Disability Insurance (SSDI)
NJ,Custom Analysis,State-Funded Pre-Kindergarten
NJ,Custom Analysis,Supplemental Nutrition Assistance Program (SNAP)
NJ,Custom Analysis,Supplemental Security Income (SSI)
NJ,Custom Analysis,Temporary Assistance for Needy Families (TANF)
NJ,Custom Analysis,Unemployment Insurance
NJ,Custom Analysis,"Women, Infants and Children Nutrition Program (WIC)"
NM,Custom Analysis,Child Care Subsidy (CCDF)
NM,Custom Analysis,Child Tax Credit (CTC)
NM,Custom Analysis,Child and Dependent Care Tax Credit (CDCTC)
NM,Custom Analysis,Earned Income Tax Credit (EITC)
NM,Custom Analysis,Free or Reduced Price School Meals
NM,Custom Analysis,Head Start/Early Head Start
NM,Custom Analysis,Health Insurance Marketplace Subsidy
NM,Custom Analysis,Medicaid for Adults
NM,Custom Analysis,Medicaid for Children/CHIP
NM,Custom Analysis,Section 8 Housing Voucher
NM,Custom Analysis,Social Security
NM,Custom Analysis,Social Security Disability Insurance (SSDI)
NM,Custom Analysis,State-Funded Pre-Kindergarten
NM,Custom Analysis,Supplemental Nutrition Assistance Program (SNAP)
NM,Custom Analysis,Supplemental Security Income (SSI)
NM,Custom Analysis,Temporary Assistance for Needy Families (TANF)
NM,Custom Analysis,Unemployment Insurance
NM,Custom Analysis,"Women, Infants and Children Nutrition Program (WIC)"
NV,Custom Analysis,Child Care Subsidy (CCDF)
NV,Custom Analysis,Child Tax Credit (CTC)
NV,Custom Analysis,Child and Dependent Care Tax Credit (CDCTC)
NV,Custom Analysis,Earned Income Tax Credit (EITC)
NV,Custom Analysis,Free or Reduced Price School Meals
NV,Custom Analysis,Head Start/Early Head Start
NV,Custom Analysis,Health Insurance Marketplace Subsidy
NV,Custom Analysis,Medicaid for Adults
NV,Custom Analysis,Medicaid for Children/CHIP
NV,Custom Analysis,Section 8 Housing Voucher
NV,Custom Analysis,Social Security
NV,Custom Analysis,Social Security Disability Insurance (SSDI)
NV,Custom Analysis,State-Funded Pre-Kindergarten
NV,Custom Analysis,Supplemental Nutrition Assistance Program (SNAP)
NV,Custom Analysis,Supplemental Security Income (SSI)
NV,Custom Analysis,Temporary Assistance for Needy Families (TANF)
NV,Custom Analysis,Unemployment Insurance
NV,Custom Analysis,"Women, Infants and Children Nutrition Program (WIC)"
NY,Custom Analysis,Child Care Subsidy (CCDF)
NY,Custom Analysis,Child Health Plus
NY,Custom Analysis,Child Tax Credit (CTC)
NY,Custom Analysis,Child and Dependent Care Tax Credit (CDCTC)
NY,Custom Analysis,Earned Income Tax Credit (EITC)
NY,Custom Analysis,Free or Reduced Price School Meals
NY,Custom Analysis,Head Start/Early Head Start
NY,Custom Analysis,Health Insurance Marketplace Subsidy
NY,Custom Analysis,Medicaid for Adults
NY,Custom Analysis,Section 8 Housing Voucher
NY,Custom Analysis,Social Security
NY,Custom Analysis,Social Security Disability Insurance (SSDI)
NY,Custom Analysis,State-Funded Pre-Kindergarten
NY,Custom Analysis,Supplemental Nutrition Assistance Program (SNAP)
NY,Custom Analysis,Supplemental Security Income (SSI)
NY,Custom Analysis,Temporary Cash Assistance (TANF)
NY,Custom Analysis,Unemployment Insurance
NY,Custom Analysis,"Women, Infants and Children Nutrition Program (WIC)"
OH,Custom Analysis,Child Care Subsidy (CCDF)
OH,Custom Analysis,Child Tax Credit (CTC)
OH,Custom Analysis,Child and Dependent Care Tax Credit (CDCTC)
OH,Custom Analysis,Earned Income Tax Credit (EITC)
OH,Custom Analysis,Free or Reduced Price School Meals
OH,Custom Analysis,Head Start/Early Head Start
OH,Custom Analysis,Health Insurance Marketplace Subsidy
OH,Custom Analysis,Medicaid for Adults
OH,Custom Analysis,Medicaid for Children/CHIP
OH,Custom Analysis,Section 8 Housing Voucher
OH,Custom Analysis,Social Security
OH,Custom Analysis,Social Security Disability Insurance (SSDI)
OH,Custom Analysis,State-Funded Pre-Kindergarten
OH,Custom Analysis,Supplemental Nutrition Assistance Program (SNAP)
OH,Custom Analysis,Supplemental Security Income (SSI)
OH,Custom Analysis,Temporary Assistance for Needy Families (TANF)
OH,Custom Analysis,Unemployment Insurance
OH,Custom Analysis,"Women, Infants and Children Nutrition Program (WIC)"
OK,Custom Analysis,Child Care Subsidy (CCDF)
OK,Custom Analysis,Child Tax Credit (CTC)
OK,Custom Analysis,Child and Dependent Care Tax Credit (CDCTC)
OK,Custom Analysis,Earned Income Tax Credit (EITC)
OK,Custom Analysis,Free or Reduced Price School Meals
OK,Custom Analysis,Head Start/Early Head Start
OK,Custom Analysis,Health Insurance Marketplace Subsidy
OK,Custom Analysis,Medicaid for Adults
OK,Custom Analysis,Medicaid for Children/CHIP
OK,Custom Analysis,Section 8 Housing Voucher
OK,Custom Analysis,Social Security
OK,Custom Analysis,Social Security Disability Insurance (SSDI)
OK,Custom Analysis,State-Funded Pre-Kindergarten
OK,Custom Analysis,Supplemental Nutrition Assistance Program (SNAP)
OK,Custom Analysis,Supplemental Security Income (SSI)
OK,Custom Analysis,Temporary Assistance for Needy Families (TANF)
OK,Custom Analysis,Unemployment Insurance
OK,Custom Analysis,"Women, Infants and Children Nutrition Program (WIC)"
OR,Custom Analysis,Child Care Subsidy (CCDF)
OR,Custom Analysis,Child Tax Credit (CTC)
OR,Custom Analysis,Child and Dependent Care Tax Credit (CDCTC)
OR,Custom Analysis,Earned Income Tax Credit (EITC)
OR,Custom Analysis,Free or Reduced Price School Meals
OR,Custom Analysis,Head Start/Early Head Start
OR,Custom Analysis,Health Insurance Marketplace Subsidy
OR,Custom Analysis,Medicaid for Adults
OR,Custom Analysis,Medicaid for Children/CHIP
OR,Custom Analysis,Section 8 Housing Voucher
OR,Custom Analysis,Social Security
OR,Custom Analysis,Social Security Disability Insurance (SSDI)
OR,Custom Analysis,State-Funded Pre-Kindergarten
OR,Custom Analysis,Supplemental Nutrition Assistance Program (SNAP)
OR,Custom Analysis,Supplemental Security Income (SSI)
OR,Custom Analysis,Temporary Assistance for Needy Families (TANF)
OR,Custom Analysis,Unemployment Insurance
OR,Custom Analysis,"Women, Infants and Children Nutrition Program (WIC)"
PA,Custom Analysis,Child Care Subsidy (CCDF)
PA,Custom Analysis,Child Tax Credit (CTC)
PA,Custom Analysis,Child and Dependent Care Tax Credit (CDCTC)
PA,Custom Analysis,Earned Income Tax Credit (EITC)
PA,Custom Analysis,Free or Reduced Price School Meals
PA,Custom Analysis,Head Start/Early Head Start
PA,Custom Analysis,Health Insurance Marketplace Subsidy
PA,Custom Analysis,Medicaid for Adults
PA,Custom Analysis,Medicaid for Children/CHIP
PA,Custom Analysis,Section 8 Housing Voucher
PA,Custom Analysis,Social Security
PA,Custom Analysis,Social Security Disability Insurance (SSDI)
PA,Custom Analysis,State-Funded Pre-Kindergarten
PA,Custom Analysis,Supplemental Nutrition Assistance Program (SNAP)
PA,Custom Analysis,Supplemental Security Income (SSI)
PA,Custom Analysis,Temporary Assistance for Needy Families (TANF)
PA,Custom Analysis,Unemployment Insurance
PA,Custom Analysis,"Women, Infants and Children Nutrition Program (WIC)"
RI,Custom Analysis,Child Care Subsidy (CCDF)
RI,Custom Analysis,Child Tax Credit (CTC)
RI,Custom Analysis,Child and Dependent Care Tax Credit (CDCTC)
RI,Custom Analysis,Earned Income Tax Credit (EITC)
RI,Custom Analysis,Free or Reduced Price School Meals
RI,Custom Analysis,Head Start/Early Head Start
RI,Custom Analysis,Health Insurance Marketplace Subsidy
RI,Custom Analysis,Medicaid for Adults
RI,Custom Analysis,Medicaid for Children/CHIP
RI,Custom Analysis,Section 8 Housing Voucher
RI,Custom Analysis,Social Security
RI,Custom Analysis,Social Security Disability Insurance (SSDI)
RI,Custom Analysis,State-Funded Pre-Kindergarten
RI,Custom Analysis,Supplemental Nutrition Assistance Program (SNAP)
RI,Custom Analysis,Supplemental Security Income (SSI)
RI,Custom Analysis,Temporary Assistance for Needy Families (TANF)
RI,Custom Analysis,Unemployment Insurance
RI,Custom Analysis,"Women, Infants and Children Nutrition Program (WIC)"
SC,Custom Analysis,Child Care Subsidy (CCDF)
SC,Custom Analysis,Child Tax Credit (CTC)
SC,Custom Analysis,Child and Dependent Care Tax Credit (CDCTC)
SC,Custom Analysis,Earned Income Tax Credit (EITC)
SC,Custom Analysis,Free or Reduced Price School Meals
SC,Custom Analysis,Head Start/Early Head Start
SC,Custom Analysis,Health Insurance Marketplace Subsidy
SC,Custom Analysis,Medicaid for Adults
SC,Custom Analysis,Medicaid for Children/CHIP
SC,Custom Analysis,Section 8 Housing Voucher
SC,Custom Analysis,Social Security
SC,Custom Analysis,Social Security Disability Insurance (SSDI)
SC,Custom Analysis,State-Funded Pre-Kindergarten
SC,Custom Analysis,Supplemental Nutrition Assistance Program (SNAP)
SC,Custom Analysis,Supplemental Security Income (SSI)
SC,Custom Analysis,Temporary Assistance for Needy Families (TANF)
SC,Custom Analysis,Unemployment Insurance
SC,Custom Analysis,"Women, Infants and Children Nutrition Program (WIC)"
SD,Custom Analysis,Child Care Subsidy (CCDF)
SD,Custom Analysis,Child Tax Credit (CTC)
SD,Custom Analysis,Child and Dependent Care Tax Credit (CDCTC)
SD,Custom Analysis,Earned Income Tax Credit (EITC)
SD,Custom Analysis,Free or Reduced Price School Meals
SD,Custom Analysis,Head Start/Early Head Start
SD,Custom Analysis,Health Insurance Marketplace Subsidy
SD,Custom Analysis,Medicaid for Adults
SD,Custom Analysis,Medicaid for Children/CHIP
SD,Custom Analysis,Section 8 Housing Voucher
SD,Custom Analysis,Social Security
SD,Custom Analysis,Social Security Disability Insurance (SSDI)
SD,Custom Analysis,State-Funded Pre-Kindergarten
SD,Custom Analysis,Supplemental Nutrition Assistance Program (SNAP)
SD,Custom Analysis,Supplemental Security Income (SSI)
SD,Custom Analysis,Temporary Assistance for Needy Families (TANF)
SD,Custom Analysis,Unemployment Insurance
SD,Custom Analysis,"Women, Infants and Children Nutrition Program (WIC)"
TN,Custom Analysis,Child Care Subsidy (CCDF)
TN,Custom Analysis,Child Tax Credit (CTC)
TN,Custom Analysis,Child and Dependent Care Tax Credit (CDCTC)
TN,Custom Analysis,Earned Income Tax Credit (EITC)
TN,Custom Analysis,Free or Reduced Price School Meals
TN,Custom Analysis,Head Start/Early Head Start
TN,Custom Analysis,Health Insurance Marketplace Subsidy
TN,Custom Analysis,Medicaid for Adults
TN,Custom Analysis,Medicaid for Children/CHIP
TN,Custom Analysis,Section 8 Housing Voucher
TN,Custom Analysis,Social Security
TN,Custom Analysis,Social Security Disability Insurance (SSDI)
TN,Custom Analysis,State-Funded Pre-Kindergarten
TN,Custom Analysis,Supplemental Nutrition Assistance Program (SNAP)
TN,Custom Analysis,Supplemental Security Income (SSI)
TN,Custom Analysis,Temporary Assistance for Needy Families (TANF)
TN,Custom Analysis,Unemployment Insurance
TN,Custom Analysis,"Women, Infants and Children Nutrition Program (WIC)"
TX,Custom Analysis,Child Care Subsidy (CCDF)
TX,Custom Analysis,Child Tax Credit (CTC)
TX,Custom Analysis,Child and Dependent Care Tax Credit (CDCTC)
TX,Custom Analysis,Earned Income Tax Credit (EITC)
TX,Custom Analysis,Free or Reduced Price School Meals
TX,Custom Analysis,Head Start/Early Head Start
TX,Custom Analysis,Health Insurance Marketplace Subsidy
TX,Custom Analysis,Medicaid for Adults
TX,Custom Analysis,Medicaid for Children/CHIP
TX,Custom Analysis,Section 8 Housing Voucher
TX,Custom Analysis,Social Security
TX,Custom Analysis,Social Security Disability Insurance (SSDI)
TX,Custom Analysis,State-Funded Pre-Kindergarten
TX,Custom Analysis,Supplemental Nutrition Assistance Program (SNAP)
TX,Custom Analysis,Supplemental Security Income (SSI)
TX,Custom Analysis,Temporary Assistance for Needy Families (TANF)
TX,Custom Analysis,Unemployment Insurance
TX,Custom Analysis,"Women, Infants and Children Nutrition Program (WIC)"
UT,Custom Analysis,Child Care Subsidy (CCDF)
UT,Custom Analysis,Child Tax Credit (CTC)
UT,Custom Analysis,Child and Dependent Care Tax Credit (CDCTC)
UT,Custom Analysis,Earned Income Tax Credit (EITC)
UT,Custom Analysis,Free or Reduced Price School Meals
UT,Custom Analysis,Head Start/Early Head Start
UT,Custom Analysis,Health Insurance Marketplace Subsidy
UT,Custom Analysis,Medicaid for Adults
UT,Custom Analysis,Medicaid for Children/CHIP
UT,Custom Analysis,Section 8 Housing Voucher
UT,Custom Analysis,Social Security
UT,Custom Analysis,Social Security Disability Insurance (SSDI)
UT,Custom Analysis,State-Funded Pre-Kindergarten
UT,Custom Analysis,Supplemental Nutrition Assistance Program (SNAP)
UT,Custom Analysis,Supplemental Security Income (SSI)
UT,Custom Analysis,Temporary Assistance for Needy Families (TANF)
UT,Custom Analysis,Unemployment Insurance
UT,Custom Analysis,"Women, Infants and Children Nutrition Program (WIC)"
VA,Custom Analysis,Child Care Subsidy (CCDF)
VA,Custom Analysis,Child Tax Credit (CTC)
VA,Custom Analysis,Child and Dependent Care Tax Credit (CDCTC)
VA,Custom Analysis,Earned Income Tax Credit (EITC)
VA,Custom Analysis,Free or Reduced Price School Meals
VA,Custom Analysis,Head Start/Early Head Start
VA,Custom Analysis,Health Insurance Marketplace Subsidy
VA,Custom Analysis,Medicaid for Adults
VA,Custom Analysis,Medicaid for Children/CHIP
VA,Custom Analysis,Section 8 Housing Voucher
VA,Custom Analysis,Social Security
VA,Custom Analysis,Social Security Disability Insurance (SSDI)
VA,Custom Analysis,State-Funded Pre-Kindergarten
VA,Custom Analysis,Supplemental Nutrition Assistance Program (SNAP)
VA,Custom Analysis,Supplemental Security Income (SSI)
VA,Custom Analysis,Temporary Assistance for Needy Families (TANF)
VA,Custom Analysis,Unemployment Insurance
VA,Custom Analysis,"Women, Infants and Children Nutrition Program (WIC)"
VT,Custom Analysis,Child Care Subsidy (CCDF)
VT,Custom Analysis,Child Tax Credit (CTC)
VT,Custom Analysis,Child and Dependent Care Tax Credit (CDCTC)
VT,Custom Analysis,Earned Income Tax Credit (EITC)
VT,Custom Analysis,Free or Reduced Price School Meals
VT,Custom Analysis,Head Start/Early Head Start
VT,Custom Analysis,Health Insurance Marketplace Subsidy
VT,Custom Analysis,Medicaid for Adults
VT,Custom Analysis,Medicaid for Children/CHIP
VT,Custom Analysis,Section 8 Housing Voucher
VT,Custom Analysis,Social Security
VT,Custom Analysis,Social Security Disability Insurance (SSDI)
VT,Custom Analysis,State-Funded Pre-Kindergarten
VT,Custom Analysis,Supplemental Nutrition Assistance Program (SNAP)
VT,Custom Analysis,Supplemental Security Income (SSI)
VT,Custom Analysis,Temporary Assistance for Needy Families (TANF)
VT,Custom Analysis,Unemployment Insurance
VT,Custom Analysis,"Women, Infants and Children Nutrition Program (WIC)"
WA,Custom Analysis,Apple Health for Adults
WA,Custom Analysis,Apple Health for Kids
WA,Custom Analysis,Child Tax Credit (CTC)
WA,Custom Analysis,Child and Dependent Care Tax Credit (CDCTC)
WA,Custom Analysis,Earned Income Tax Credit (EITC)
WA,Custom Analysis,Free or Reduced Price School Meals
WA,Custom Analysis,Head Start/Early Head Start
WA,Custom Analysis,Health Insurance Marketplace Subsidy
WA,Custom Analysis,Section 8 Housing Voucher
WA,Custom Analysis,Social Security
WA,Custom Analysis,Social Security Disability Insurance (SSDI)
WA,Custom Analysis,State-Funded Pre-Kindergarten
WA,Custom Analysis,Supplemental Nutrition Assistance Program (SNAP)
WA,Custom Analysis,Supplemental Security Income (SSI)
WA,Custom Analysis,Unemployment Insurance
WA,Custom Analysis,"Women, Infants and Children Nutrition Program (WIC)"
WA,Custom Analysis,WorkFirst (TANF)
WA,Custom Analysis,Working Connections Child Care Program (CCDF)
WI,Custom Analysis,Child Care Subsidy (CCDF)
WI,Custom Analysis,Child Tax Credit (CTC)
WI,Custom Analysis,Child and Dependent Care Tax Credit (CDCTC)
WI,Custom Analysis,Earned Income Tax Credit (EITC)
WI,Custom Analysis,Free or Reduced Price School Meals
WI,Custom Analysis,Head Start/Early Head Start
WI,Custom Analysis,Health Insurance Marketplace Subsidy
WI,Custom Analysis,Medicaid for Adults
WI,Custom Analysis,Medicaid for Children/CHIP
WI,Custom Analysis,Section 8 Housing Voucher
WI,Custom Analysis,Social Security
WI,Custom Analysis,Social Security Disability Insurance (SSDI)
WI,Custom Analysis,State-Funded Pre-Kindergarten
WI,Custom Analysis,Supplemental Nutrition Assistance Program (SNAP)
WI,Custom Analysis,Supplemental Security Income (SSI)
WI,Custom Analysis,Temporary Assistance for Needy Families (TANF)
WI,Custom Analysis,Unemployment Insurance
WI,Custom Analysis,"Women, Infants and Children Nutrition Program (WIC)"
WV,Custom Analysis,Child Care Subsidy (CCDF)
WV,Custom Analysis,Child Tax Credit (CTC)
WV,Custom Analysis,Child and Dependent Care Tax Credit (CDCTC)
WV,Custom Analysis,Earned Income Tax Credit (EITC)
WV,Custom Analysis,Free or Reduced Price School Meals
WV,Custom Analysis,Head Start/Early Head Start
WV,Custom Analysis,Health Insurance Marketplace Subsidy
WV,Custom Analysis,Medicaid for Adults
WV,Custom Analysis,Medicaid for Children/CHIP
WV,Custom Analysis,Section 8 Housing Voucher
WV,Custom Analysis,Social Security
WV,Custom Analysis,Social Security Disability Insurance (SSDI)
WV,Custom Analysis,State-Funded Pre-Kindergarten
WV,Custom Analysis,Supplemental Nutrition Assistance Program (SNAP)
WV,Custom Analysis,Supplemental Security Income (SSI)
WV,Custom Analysis,Temporary Assistance for Needy Families (TANF)
WV,Custom Analysis,Unemployment Insurance
WV,Custom Analysis,"Women, Infants and Children Nutrition Program (WIC)"
WY,Custom Analysis,Child Care Subsidy (CCDF)
WY,Custom Analysis,Child Tax Credit (CTC)
WY,Custom Analysis,Child and Dependent Care Tax Credit (CDCTC)
WY,Custom Analysis,Earned Income Tax Credit (EITC)
WY,Custom Analysis,Free or Reduced Price School Meals
WY,Custom Analysis,Head Start/Early Head Start
WY,Custom Analysis,Health Insurance Marketplace Subsidy
WY,Custom Analysis,Medicaid for Adults
WY,Custom Analysis,Medicaid for Children/CHIP
WY,Custom Analysis,Section 8 Housing Voucher
WY,Custom Analysis,Social Security
WY,Custom Analysis,Social Security Disability Insurance (SSDI)
WY,Custom Analysis,State-Funded Pre-Kindergarten
WY,Custom Analysis,Supplemental Nutrition Assistance Program (SNAP)
WY,Custom Analysis,Supplemental Security Income (SSI)
WY,Custom Analysis,Temporary Assistance for Needy Families (TANF)
WY,Custom Analysis,Unemployment Insurance
WY,Custom Analysis,"Women, Infants and Children Nutrition Program (WIC)"
VA,ARISE Alexandria,Child Care Subsidy (CCDF)
VA,ARISE Alexandria,Child Tax Credit (CTC)
VA,ARISE Alexandria,Child and Dependent Care Tax Credit (CDCTC)
VA,ARISE Alexandria,Earned Income Tax Credit (EITC)
VA,ARISE Alexandria,Free or Reduced Price School Meals
VA,ARISE Alexandria,Head Start/Early Head Start
VA,ARISE Alexandria,Health Insurance Marketplace Subsidy
VA,ARISE Alexandria,Medicaid for Adults
VA,ARISE Alexandria,Medicaid for Children/CHIP
VA,ARISE Alexandria,Section 8 Housing Voucher
VA,ARISE Alexandria,Social Security
VA,ARISE Alexandria,Social Security Disability Insurance (SSDI)
VA,ARISE Alexandria,State-Funded Pre-Kindergarten
VA,ARISE Alexandria,Supplemental Nutrition Assistance Program (SNAP)
VA,ARISE Alexandria,Supplemental Security Income (SSI)
VA,ARISE Alexandria,Temporary Assistance for Needy Families (TANF)
VA,ARISE Alexandria,Unemployment Insurance
VA,ARISE Alexandria,"Women, Infants and Children Nutrition Program (WIC)"
GA,Atlanta Abundant Birth Project,Child Tax Credit (CTC)
GA,Atlanta Abundant Birth Project,Child and Dependent Care Tax Credit (CDCTC)
GA,Atlanta Abundant Birth Project,Childcare and Parent Services (CAPS)
GA,Atlanta Abundant Birth Project,Earned Income Tax Credit (EITC)
GA,Atlanta Abundant Birth Project,Free or Reduced Price School Meals
GA,Atlanta Abundant Birth Project,Head Start/Early Head Start
GA,Atlanta Abundant Birth Project,Health Insurance Marketplace Subsidy
GA,Atlanta Abundant Birth Project,Medicaid for Adults
GA,Atlanta Abundant Birth Project,PeachCare/Medicaid for Kids
GA,Atlanta Abundant Birth Project,Section 8 Housing Voucher
GA,Atlanta Abundant Birth Project,Social Security
GA,Atlanta Abundant Birth Project,Social Security Disability Insurance (SSDI)
GA,Atlanta Abundant Birth Project,State-Funded Pre-Kindergarten
GA,Atlanta Abundant Birth Project,Supplemental Nutrition Assistance Program (SNAP)
GA,Atlanta Abundant Birth Project,Supplemental Security Income (SSI)
GA,Atlanta Abundant Birth Project,Temporary Assistance for Needy Families (TANF)
GA,Atlanta Abundant Birth Project,Unemployment Insurance
GA,Atlanta Abundant Birth Project,"Women, Infants and Children Nutrition Program (WIC)"
GA,In Her Hands,Child Tax Credit (CTC)
GA,In Her Hands,Child and Dependent Care Tax Credit (CDCTC)
GA,In Her Hands,Childcare and Parent Services (CAPS)
GA,In Her Hands,Earned Income Tax Credit (EITC)
GA,In Her Hands,Free or Reduced Price School Meals
GA,In Her Hands,Head Start/Early Head Start
GA,In Her Hands,Health Insurance Marketplace Subsidy
GA,In Her Hands,Medicaid for Adults
GA,In Her Hands,PeachCare/Medicaid for Kids
GA,In Her Hands,Section 8 Housing Voucher
GA,In Her Hands,Social Security
GA,In Her Hands,Social Security Disability Insurance (SSDI)
GA,In Her Hands,State-Funded Pre-Kindergarten
GA,In Her Hands,Supplemental Nutrition Assistance Program (SNAP)
GA,In Her Hands,Supplemental Security Income (SSI)
GA,In Her Hands,Temporary Assistance for Needy Families (TANF)
GA,In Her Hands,Unemployment Insurance
GA,In Her Hands,"Women, Infants and Children Nutrition Program (WIC)"
NY,Children's Defense Fund,Child Care Subsidy (CCDF)
NY,Children's Defense Fund,Child Health Plus
NY,Children's Defense Fund,Child Tax Credit (CTC)
NY,Children's Defense Fund,Child and Dependent Care Tax Credit (CDCTC)
NY,Children's Defense Fund,Earned Income Tax Credit (EITC)
NY,Children's Defense Fund,Free or Reduced Price School Meals
NY,Children's Defense Fund,Head Start/Early Head Start
NY,Children's Defense Fund,Health Insurance Marketplace Subsidy
NY,Children's Defense Fund,Medicaid for Adults
NY,Children's Defense Fund,Section 8 Housing Voucher
NY,Children's Defense Fund,Social Security
NY,Children's Defense Fund,Social Security Disability Insurance (SSDI)
NY,Children's Defense Fund,State-Funded Pre-Kindergarten
NY,Children's Defense Fund,Supplemental Nutrition Assistance Program (SNAP)
NY,Children's Defense Fund,Supplemental Security Income (SSI)
NY,Children's Defense Fund,Temporary Cash Assistance (TANF)
NY,Children's Defense Fund,Unemployment Insurance
NY,Children's Defense Fund,"Women, Infants and Children Nutrition Program (WIC)"
IL,Cook County Promise,AllKids (Medicaid for Children/CHIP)
IL,Cook County Promise,Child Care Assistance Program (CCAP/CCDF)
IL,Cook County Promise,Child Tax Credit (CTC)
IL,Cook County Promise,Child and Dependent Care Tax Credit (CDCTC)
IL,Cook County Promise,Earned Income Tax Credit (EITC)
IL,Cook County Promise,Free or Reduced Price School Meals
IL,Cook County Promise,Head Start/Early Head Start
IL,Cook County Promise,Health Insurance Marketplace Subsidy
IL,Cook County Promise,Medicaid for Adults
IL,Cook County Promise,Section 8 Housing Voucher
IL,Cook County Promise,Social Security
IL,Cook County Promise,Social Security Disability Insurance (SSDI)
IL,Cook County Promise,State-Funded Pre-Kindergarten
IL,Cook County Promise,Supplemental Nutrition Assistance Program (SNAP)
IL,Cook County Promise,Supplemental Security Income (SSI)
IL,Cook County Promise,Temporary Assistance for Needy Families (TANF)
IL,Cook County Promise,Unemployment Insurance
IL,Cook County Promise,"Women, Infants and Children Nutrition Program (WIC)"
IL,Cook County Promise,"Aid for the Aging, Blind, and Disabled (AABD)"
IL,Cook County Promise,Downpayment Plus programs from Federal Home Loan Bank of Chicago
IL,Cook County Promise,FamilyCare
IL,Cook County Promise,Former Foster Care
IL,Cook County Promise,Health Benefits for Workers with Disabilities
IL,Cook County Promise,Medicare Savings Program
IL,Cook County Promise,Moms and Babies
CA,Elevate MV,CalFresh
CA,Elevate MV,CalWorks (TANF)
CA,Elevate MV,Child Care Subsidy (CCDF)
CA,Elevate MV,Child Tax Credit (CTC)
CA,Elevate MV,Child and Dependent Care Tax Credit (CDCTC)
CA,Elevate MV,Earned Income Tax Credit (EITC)
CA,Elevate MV,Free or Reduced Price School Meals
CA,Elevate MV,Head Start/Early Head Start
CA,Elevate MV,Health Insurance Marketplace Subsidy
CA,Elevate MV,Medi-Cal for Adults
CA,Elevate MV,Medi-Cal for Children
CA,Elevate MV,Section 8 Housing Voucher
CA,Elevate MV,Social Security
CA,Elevate MV,Social Security Disability Insurance (SSDI)
CA,Elevate MV,State-Funded Pre-Kindergarten
CA,Elevate MV,Supplemental Security Income (SSI)
CA,Elevate MV,Unemployment Insurance
CA,Elevate MV,"Women, Infants and Children Nutrition Program (WIC)"
TX,Empower House,Child Care Subsidy (CCDF)
TX,Empower House,Child Tax Credit (CTC)
TX,Empower House,Child and Dependent Care Tax Credit (CDCTC)
TX,Empower House,Earned Income Tax Credit (EITC)
TX,Empower House,Free or Reduced Price School Meals
TX,Empower House,Head Start/Early Head Start
TX,Empower House,Health Insurance Marketplace Subsidy
TX,Empower House,Medicaid for Adults
TX,Empower House,Medicaid for Children/CHIP
TX,Empower House,Section 8 Housing Voucher
TX,Empower House,Social Security
TX,Empower House,Social Security Disability Insurance (SSDI)
TX,Empower House,State-Funded Pre-Kindergarten
TX,Empower House,Supplemental Nutrition Assistance Program (SNAP)
TX,Empower House,Supplemental Security Income (SSI)
TX,Empower House,Temporary Assistance for Needy Families (TANF)
TX,Empower House,Unemployment Insurance
TX,Empower House,"Women, Infants and Children Nutrition Program (WIC)"
NY,The BRIDGE Project,Child Care Subsidy (CCDF)
NY,The BRIDGE Project,Child Health Plus
NY,The BRIDGE Project,Child Tax Credit (CTC)
NY,The BRIDGE Project,Child and Dependent Care Tax Credit (CDCTC)
NY,The BRIDGE Project,Earned Income Tax Credit (EITC)
NY,The BRIDGE Project,Free or Reduced Price School Meals
NY,The BRIDGE Project,Head Start/Early Head Start
NY,The BRIDGE Project,Health Insurance Marketplace Subsidy
NY,The BRIDGE Project,Medicaid for Adults
NY,The BRIDGE Project,Section 8 Housing Voucher
NY,The BRIDGE Project,Social Security
NY,The BRIDGE Project,Social Security Disability Insurance (SSDI)
NY,The BRIDGE Project,State-Funded Pre-Kindergarten
NY,The BRIDGE Project,Supplemental Nutrition Assistance Program (SNAP)
NY,The BRIDGE Project,Supplemental Security Income (SSI)
NY,The BRIDGE Project,Temporary Cash Assistance (TANF)
NY,The BRIDGE Project,Unemployment Insurance
NY,The BRIDGE Project,"Women, Infants and Children Nutrition Program (WIC)"
MD,CASH Campaign of Maryland,Adult Medical Assistance (Medicaid)
MD,CASH Campaign of Maryland,Child Care Scholarship (CCS)
MD,CASH Campaign of Maryland,Child Tax Credit (CTC)
MD,CASH Campaign of Maryland,Child and Dependent Care Tax Credit (CDCTC)
MD,CASH Campaign of Maryland,Earned Income Tax Credit (EITC)
MD,CASH Campaign of Maryland,Free or Reduced Price School Meals
MD,CASH Campaign of Maryland,Head Start/Early Head Start
MD,CASH Campaign of Maryland,Health Insurance Marketplace Subsidy
MD,CASH Campaign of Maryland,Maryland Children's Health Program (Medicaid for Children/CHIP)
MD,CASH Campaign of Maryland,Section 8 Housing Voucher
MD,CASH Campaign of Maryland,Social Security
MD,CASH Campaign of Maryland,Social Security Disability Insurance (SSDI)
MD,CASH Campaign of Maryland,State-Funded Pre-Kindergarten
MD,CASH Campaign of Maryland,Supplemental Nutrition Assistance Program (SNAP)
MD,CASH Campaign of Maryland,Supplemental Security Income (SSI)
MD,CASH Campaign of Maryland,Temporary Cash Assistance (TANF)
MD,CASH Campaign of Maryland,Unemployment Insurance
MD,CASH Campaign of Maryland,"Women, Infants and Children Nutrition Program (WIC)"
MD,MoCo Boost,Adult Medical Assistance (Medicaid)
MD,MoCo Boost,Child Care Scholarship (CCS)
MD,MoCo Boost,Child Tax Credit (CTC)
MD,MoCo Boost,Child and Dependent Care Tax Credit (CDCTC)
MD,MoCo Boost,Earned Income Tax Credit (EITC)
MD,MoCo Boost,Free or Reduced Price School Meals
MD,MoCo Boost,Head Start/Early Head Start
MD,MoCo Boost,Health Insurance Marketplace Subsidy
MD,MoCo Boost,Maryland Children's Health Program (Medicaid for Children/CHIP)
MD,MoCo Boost,Section 8 Housing Voucher
MD,MoCo Boost,Social Security
MD,MoCo Boost,Social Security Disability Insurance (SSDI)
MD,MoCo Boost,State-Funded Pre-Kindergarten
MD,MoCo Boost,Supplemental Nutrition Assistance Program (SNAP)
MD,MoCo Boost,Supplemental Security Income (SSI)
MD,MoCo Boost,Temporary Cash Assistance (TANF)
MD,MoCo Boost,Unemployment Insurance
MD,MoCo Boost,"Women, Infants and Children Nutrition Program (WIC)"
MD,MoCo Boost,"Senior Dental, Maternity Partnership, or Care4Kids"
MD,MoCo Boost,Working Parents Childcare Assistance
MD,MoCo Boost,Montgomery County Rental Assistance Program
KY,"Louisville, KY",Child Care Subsidy (CCDF)
KY,"Louisville, KY",Child Tax Credit (CTC)
KY,"Louisville, KY",Child and Dependent Care Tax Credit (CDCTC)
KY,"Louisville, KY",Earned Income Tax Credit (EITC)
KY,"Louisville, KY",Free or Reduced Price School Meals
KY,"Louisville, KY",Head Start/Early Head Start
KY,"Louisville, KY",Health Insurance Marketplace Subsidy
KY,"Louisville, KY",Kentucky Transitional Assistance Program (K-TAP)
KY,"Louisville, KY",Medicaid for Adults
KY,"Louisville, KY",Medicaid for Children/CHIP
KY,"Louisville, KY",Section 8 Housing Voucher
KY,"Louisville, KY",Social Security
KY,"Louisville, KY",Social Security Disability Insurance (SSDI)
KY,"Louisville, KY",State-Funded Pre-Kindergarten
KY,"Louisville, KY",Supplemental Nutrition Assistance Program (SNAP)
KY,"Louisville, KY",Supplemental Security Income (SSI)
KY,"Louisville, KY",Unemployment Insurance
KY,"Louisville, KY","Women, Infants and Children Nutrition Program (WIC)"
PA,City of Philadelphia,Child Care Subsidy (CCDF)
PA,City of Philadelphia,Child Tax Credit (CTC)
PA,City of Philadelphia,Child and Dependent Care Tax Credit (CDCTC)
PA,City of Philadelphia,Earned Income Tax Credit (EITC)
PA,City of Philadelphia,Free or Reduced Price School Meals
PA,City of Philadelphia,Head Start/Early Head Start
PA,City of Philadelphia,Health Insurance Marketplace Subsidy
PA,City of Philadelphia,Medicaid for Adults
PA,City of Philadelphia,Medicaid for Children/CHIP
PA,City of Philadelphia,Section 8 Housing Voucher
PA,City of Philadelphia,Social Security
PA,City of Philadelphia,Social Security Disability Insurance (SSDI)
PA,City of Philadelphia,State-Funded Pre-Kindergarten
PA,City of Philadelphia,Supplemental Nutrition Assistance Program (SNAP)
PA,City of Philadelphia,Supplemental Security Income (SSI)
PA,City of Philadelphia,Temporary Assistance for Needy Families (TANF)
PA,City of Philadelphia,Unemployment Insurance
PA,City of Philadelphia,"Women, Infants and Children Nutrition Program (WIC)"
PA,City of Philadelphia,LIHEAP
GA,Urban League Greater Atlanta,Child Tax Credit (CTC)
GA,Urban League Greater Atlanta,Child and Dependent Care Tax Credit (CDCTC)
GA,Urban League Greater Atlanta,Childcare and Parent Services (CAPS)
GA,Urban League Greater Atlanta,Earned Income Tax Credit (EITC)
GA,Urban League Greater Atlanta,Free or Reduced Price School Meals
GA,Urban League Greater Atlanta,Head Start/Early Head Start
GA,Urban League Greater Atlanta,Health Insurance Marketplace Subsidy
GA,Urban League Greater Atlanta,Medicaid for Adults
GA,Urban League Greater Atlanta,PeachCare/Medicaid for Kids
GA,Urban League Greater Atlanta,Section 8 Housing Voucher
GA,Urban League Greater Atlanta,Social Security
GA,Urban League Greater Atlanta,Social Security Disability Insurance (SSDI)
GA,Urban League Greater Atlanta,State-Funded Pre-Kindergarten
GA,Urban League Greater Atlanta,Supplemental Nutrition Assistance Program (SNAP)
GA,Urban League Greater Atlanta,Supplemental Security Income (SSI)
GA,Urban League Greater Atlanta,Temporary Assistance for Needy Families (TANF)
GA,Urban League Greater Atlanta,Unemployment Insurance
GA,Urban League Greater Atlanta,"Women, Infants and Children Nutrition Program (WIC)"
GA,The Atlanta Abundant Birth Project,Child Tax Credit (CTC)
GA,The Atlanta Abundant Birth Project,Child and Dependent Care Tax Credit (CDCTC)
GA,The Atlanta Abundant Birth Project,Childcare and Parent Services (CAPS)
GA,The Atlanta Abundant Birth Project,Earned Income Tax Credit (EITC)
GA,The Atlanta Abundant Birth Project,Free or Reduced Price School Meals
GA,The Atlanta Abundant Birth Project,Head Start/Early Head Start
GA,The Atlanta Abundant Birth Project,Health Insurance Marketplace Subsidy
GA,The Atlanta Abundant Birth Project,Medicaid for Adults
GA,The Atlanta Abundant Birth Project,PeachCare/Medicaid for Kids
GA,The Atlanta Abundant Birth Project,Section 8 Housing Voucher
GA,The Atlanta Abundant Birth Project,Social Security
GA,The Atlanta Abundant Birth Project,Social Security Disability Insurance (SSDI)
GA,The Atlanta Abundant Birth Project,State-Funded Pre-Kindergarten
GA,The Atlanta Abundant Birth Project,Supplemental Nutrition Assistance Program (SNAP)
GA,The Atlanta Abundant Birth Project,Supplemental Security Income (SSI)
GA,The Atlanta Abundant Birth Project,Temporary Assistance for Needy Families (TANF)
GA,The Atlanta Abundant Birth Project,Unemployment Insurance
GA,The Atlanta Abundant Birth Project,"Women, Infants and Children Nutrition Program (WIC)"
NY,NY Creative Rebuild,Child Care Subsidy (CCDF)
NY,NY Creative Rebuild,Child Health Plus
NY,NY Creative Rebuild,Child Tax Credit (CTC)
NY,NY Creative Rebuild,Child and Dependent Care Tax Credit (CDCTC)
NY,NY Creative Rebuild,Earned Income Tax Credit (EITC)
NY,NY Creative Rebuild,Free or Reduced Price School Meals
NY,NY Creative Rebuild,Head Start/Early Head Start
NY,NY Creative Rebuild,Health Insurance Marketplace Subsidy
NY,NY Creative Rebuild,Medicaid for Adults
NY,NY Creative Rebuild,Section 8 Housing Voucher
NY,NY Creative Rebuild,Social Security
NY,NY Creative Rebuild,Social Security Disability Insurance (SSDI)
NY,NY Creative Rebuild,State-Funded Pre-Kindergarten
NY,NY Creative Rebuild,Supplemental Nutrition Assistance Program (SNAP)
NY,NY Creative Rebuild,Supplemental Security Income (SSI)
NY,NY Creative Rebuild,Temporary Cash Assistance (TANF)
NY,NY Creative Rebuild,Unemployment Insurance
NY,NY Creative Rebuild,"Women, Infants and Children Nutrition Program (WIC)"
CA,City of Alameda,CalFresh
CA,City of Alameda,CalWorks (TANF)
CA,City of Alameda,Child Care Subsidy (CCDF)
CA,City of Alameda,Child Tax Credit (CTC)
CA,City of Alameda,Child and Dependent Care Tax Credit (CDCTC)
CA,City of Alameda,Earned Income Tax Credit (EITC)
CA,City of Alameda,Free or Reduced Price School Meals
CA,City of Alameda,Head Start/Early Head Start
CA,City of Alameda,Health Insurance Marketplace Subsidy
CA,City of Alameda,Medi-Cal for Adults
CA,City of Alameda,Medi-Cal for Children
CA,City of Alameda,Section 8 Housing Voucher
CA,City of Alameda,Social Security
CA,City of Alameda,Social Security Disability Insurance (SSDI)
CA,City of Alameda,State-Funded Pre-Kindergarten
CA,City of Alameda,Supplemental Security Income (SSI)
CA,City of Alameda,Unemployment Insurance
CA,City of Alameda,"Women, Infants and Children Nutrition Program (WIC)"
CA,Hamilton Families,CalFresh
CA,Hamilton Families,CalWorks (TANF)
CA,Hamilton Families,Child Care Subsidy (CCDF)
CA,Hamilton Families,Child Tax Credit (CTC)
CA,Hamilton Families,Child and Dependent Care Tax Credit (CDCTC)
CA,Hamilton Families,Earned Income Tax Credit (EITC)
CA,Hamilton Families,Free or Reduced Price School Meals
CA,Hamilton Families,Head Start/Early Head Start
CA,Hamilton Families,Health Insurance Marketplace Subsidy
CA,Hamilton Families,Medi-Cal for Adults
CA,Hamilton Families,Medi-Cal for Children
CA,Hamilton Families,Section 8 Housing Voucher
CA,Hamilton Families,Social Security
CA,Hamilton Families,Social Security Disability Insurance (SSDI)
CA,Hamilton Families,State-Funded Pre-Kindergarten
CA,Hamilton Families,Supplemental Security Income (SSI)
CA,Hamilton Families,Unemployment Insurance
CA,Hamilton Families,"Women, Infants and Children Nutrition Program (WIC)"
CA,United Way California Capital Region,CalFresh
CA,United Way California Capital Region,CalWorks (TANF)
CA,United Way California Capital Region,Child Care Subsidy (CCDF)
CA,United Way California Capital Region,Child Tax Credit (CTC)
CA,United Way California Capital Region,Child and Dependent Care Tax Credit (CDCTC)
CA,United Way California Capital Region,Earned Income Tax Credit (EITC)
CA,United Way California Capital Region,Free or Reduced Price School Meals
CA,United Way California Capital Region,Head Start/Early Head Start
CA,United Way California Capital Region,Health Insurance Marketplace Subsidy
CA,United Way California Capital Region,Medi-Cal for Adults
CA,United Way California Capital Region,Medi-Cal for Children
CA,United Way California Capital Region,Section 8 Housing Voucher
CA,United Way California Capital Region,Social Security
CA,United Way California Capital Region,Social Security Disability Insurance (SSDI)
CA,United Way California Capital Region,State-Funded Pre-Kindergarten
CA,United Way California Capital Region,Supplemental Security Income (SSI)
CA,United Way California Capital Region,Unemployment Insurance
CA,United Way California Capital Region,"Women, Infants and Children Nutrition Program (WIC)"
WA,Seattle Workforce Development,Apple Health for Adults
WA,Seattle Workforce Development,Apple Health for Kids
WA,Seattle Workforce Development,Child Tax Credit (CTC)
WA,Seattle Workforce Development,Child and Dependent Care Tax Credit (CDCTC)
WA,Seattle Workforce Development,Earned Income Tax Credit (EITC)
WA,Seattle Workforce Development,Free or Reduced Price School Meals
WA,Seattle Workforce Development,Head Start/Early Head Start
WA,Seattle Workforce Development,Health Insurance Marketplace Subsidy
WA,Seattle Workforce Development,Section 8 Housing Voucher
WA,Seattle Workforce Development,Social Security
WA,Seattle Workforce Development,Social Security Disability Insurance (SSDI)
WA,Seattle Workforce Development,State-Funded Pre-Kindergarten
WA,Seattle Workforce Development,Supplemental Nutrition Assistance Program (SNAP)
WA,Seattle Workforce Development,Supplemental Security Income (SSI)
WA,Seattle Workforce Development,Unemployment Insurance
WA,Seattle Workforce Development,"Women, Infants and Children Nutrition Program (WIC)"
WA,Seattle Workforce Development,WorkFirst (TANF)
WA,Seattle Workforce Development,Working Connections Child Care Program (CCDF)
NY,NYS Direct Cash Transfer,Child Care Assistance Program (CCAP/CCDF)
NY,NYS Direct Cash Transfer,Child Health Plus
NY,NYS Direct Cash Transfer,Child Tax Credit (CTC)
NY,NYS Direct Cash Transfer,Child and Dependent Care Tax Credit (CDCTC)
NY,NYS Direct Cash Transfer,Earned Income Tax Credit (EITC)
NY,NYS Direct Cash Transfer,Free or Reduced Price School Meals
NY,NYS Direct Cash Transfer,Head Start/Early Head Start
NY,NYS Direct Cash Transfer,Health Insurance Marketplace Subsidy
NY,NYS Direct Cash Transfer,Medicaid for Adults
NY,NYS Direct Cash Transfer,Section 8 Housing Voucher
NY,NYS Direct Cash Transfer,Social Security
NY,NYS Direct Cash Transfer,Social Security Disability Insurance (SSDI)
NY,NYS Direct Cash Transfer,State-Funded Pre-Kindergarten
NY,NYS Direct Cash Transfer,Supplemental Nutrition Assistance Program (SNAP)
NY,NYS Direct Cash Transfer,Supplemental Security Income (SSI)
NY,NYS Direct Cash Transfer,Temporary Cash Assistance (TANF)
NY,NYS Direct Cash Transfer,Unemployment Insurance
NY,NYS Direct Cash Transfer,"Women, Infants and Children Nutrition Program (WIC)"
CA,BREATHE (Los Angeles County),CalFresh
CA,BREATHE (Los Angeles County),CalWorks (TANF)
CA,BREATHE (Los Angeles County),Child Care Subsidy (CCDF)
CA,BREATHE (Los Angeles County),Child Tax Credit (CTC)
CA,BREATHE (Los Angeles County),Child and Dependent Care Tax Credit (CDCTC)
CA,BREATHE (Los Angeles County),Earned Income Tax Credit (EITC)
CA,BREATHE (Los Angeles County),Free or Reduced Price School Meals
CA,BREATHE (Los Angeles County),Head Start/Early Head Start
CA,BREATHE (Los Angeles County),Health Insurance Marketplace Subsidy
CA,BREATHE (Los Angeles County),Medi-Cal for Adults
CA,BREATHE (Los Angeles County),Medi-Cal for Children
CA,BREATHE (Los Angeles County),Section 8 Housing Voucher
CA,BREATHE (Los Angeles County),Social Security
CA,BREATHE (Los Angeles County),Social Security Disability Insurance (SSDI)
CA,BREATHE (Los Angeles County),State-Funded Pre-Kindergarten
CA,BREATHE (Los Angeles County),Supplemental Security Income (SSI)
CA,BREATHE (Los Angeles County),Unemployment Insurance
CA,BREATHE (Los Angeles County),"Women, Infants and Children Nutrition Program (WIC)"
